{
  "config": {
    "seed": 42,
    "gpkg": "data/yuseong_housing_3__point.gpkg",
    "layer": "yuseong_housing_2__point",
    "sample_n": 50,
    "num_dcs": 3,
    "vehicles_per_dc": 3,
    "demand_field": "A26",
    "eps": 0.1,
    "iters": 50,
    "alpha": 0.5,
    "beta": 0.3,
    "gamma": 0.2,
    "use_distance": false,
    "enforce_capacity": true
  },
  "variance": {
    "baseline": {
      "Z1": 112236.00000000001,
      "Z2": 12051.0,
      "Z3": 3269672141.166766,
      "Z": 1.0
    },
    "improved": {
      "Z1": 26049.0,
      "Z2": 17038.299999999996,
      "Z3": 1396470031.8475835,
      "Z": 0.6256200712370881
    },
    "improvement": {
      "Z1_pct": 76.7908692398161,
      "Z2_pct": -41.38494730727737,
      "Z3_pct": 57.290212242831785,
      "Z_pct": 37.43799287629119
    }
  },
  "MAD": {
    "baseline": {
      "Z1": 112236.00000000001,
      "Z2": 12051.0,
      "Z3": 734696.0156133826,
      "Z": 1.0
    },
    "improved": {
      "Z1": 25256.0,
      "Z2": 15707.099999999997,
      "Z3": 492837.3925650558,
      "Z": 0.637689502322945
    },
    "improvement": {
      "Z1_pct": 77.49741615880824,
      "Z2_pct": -30.338561115260116,
      "Z3_pct": 32.919550114397175,
      "Z_pct": 36.2310497677055
    }
  }
}