{
  "configurations": [
    {
      "name": "z1_focused",
      "alpha": 0.6,
      "beta": 0.3,
      "gamma": 0.1,
      "Z": 0.5277392310403634,
      "Z1": 25821.2,
      "Z2": 7042.599999999999,
      "Z3": 131607.04444444447,
      "best_iteration": 9
    },
    {
      "name": "balanced",
      "alpha": 0.35,
      "beta": 0.3,
      "gamma": 0.35,
      "Z": 0.6995890740929983,
      "Z1": 28582.0,
      "Z2": 6988.6,
      "Z3": 132330.3722222222,
      "best_iteration": 14
    },
    {
      "name": "z3_focused",
      "alpha": 0.1,
      "beta": 0.3,
      "gamma": 0.6,
      "Z": 0.7637708684472482,
      "Z1": 78294.0,
      "Z2": 7225.299999999999,
      "Z3": 95087.06666666665,
      "best_iteration": 16
    }
  ],
  "iters": 20,
  "seed": 42,
  "eps": 0.3
}